1778905326.871976923	lo	2152017532	511990	2152017532	511990
1778905326.871976923	dummy0	0	0	2380	34
1778905326.871976923	ifb0	0	0	0	0
1778905326.871976923	ifb1	0	0	0	0
1778905326.871976923	tunl0	0	0	0	0
1778905326.871976923	gre0	0	0	0	0
1778905326.871976923	gretap0	0	0	0	0
1778905326.871976923	erspan0	0	0	0	0
1778905326.871976923	ip_vti0	0	0	0	0
1778905326.871976923	ip6_vti0	0	0	0	0
1778905326.871976923	sit0	0	0	0	0
1778905326.871976923	ip6tnl0	0	0	0	0
1778905326.871976923	ip6gre0	0	0	0	0
1778905326.871976923	rmnet0	0	0	0	0
1778905326.871976923	rmnet1	0	0	0	0
1778905326.871976923	rmnet2	0	0	0	0
1778905326.871976923	rmnet3	0	0	0	0
1778905326.871976923	rmnet4	0	0	0	0
1778905326.871976923	rmnet5	0	0	0	0
1778905326.871976923	rmnet6	0	0	0	0
1778905326.871976923	rmnet7	0	0	0	0
1778905326.871976923	rmnet8	0	0	0	0
1778905326.871976923	rmnet9	0	0	0	0
1778905326.871976923	rmnet10	0	0	0	0
1778905326.871976923	rmnet11	0	0	0	0
1778905326.871976923	rmnet12	0	0	0	0
1778905326.871976923	rmnet13	0	0	0	0
1778905326.871976923	rmnet14	0	0	0	0
1778905326.871976923	rmnet15	0	0	0	0
1778905326.871976923	rmnet16	0	0	0	0
1778905326.871976923	rmnet17	0	0	0	0
1778905326.871976923	rmnet18	0	0	0	0
1778905326.871976923	rmnet19	0	0	0	0
1778905326.871976923	rmnet20	0	0	0	0
1778905326.871976923	rmnet21	0	0	0	0
1778905326.871976923	rmnet22	0	0	0	0
1778905326.871976923	rmnet23	0	0	0	0
1778905326.871976923	rmnet24	0	0	0	0
1778905326.871976923	rmnet25	0	0	0	0
1778905326.871976923	rmnet26	0	0	0	0
1778905326.871976923	rmnet27	0	0	0	0
1778905326.871976923	rmnet28	0	0	0	0
1778905326.871976923	rmnet29	0	0	0	0
1778905326.871976923	umts_dummy	0	0	0	0
1778905326.871976923	aware_nmi0	0	0	0	0
1778905326.871976923	wlan0	7121803803	6059676	1257197325	2890414
1778905326.871976923	wlan1	0	0	0	0
1778905326.871976923	radiotap0	0	0	0	0
1778905328.090043929	lo	2152017532	511990	2152017532	511990
1778905328.090043929	dummy0	0	0	2380	34
1778905328.090043929	ifb0	0	0	0	0
1778905328.090043929	ifb1	0	0	0	0
1778905328.090043929	tunl0	0	0	0	0
1778905328.090043929	gre0	0	0	0	0
1778905328.090043929	gretap0	0	0	0	0
1778905328.090043929	erspan0	0	0	0	0
1778905328.090043929	ip_vti0	0	0	0	0
1778905328.090043929	ip6_vti0	0	0	0	0
1778905328.090043929	sit0	0	0	0	0
1778905328.090043929	ip6tnl0	0	0	0	0
1778905328.090043929	ip6gre0	0	0	0	0
1778905328.090043929	rmnet0	0	0	0	0
1778905328.090043929	rmnet1	0	0	0	0
1778905328.090043929	rmnet2	0	0	0	0
1778905328.090043929	rmnet3	0	0	0	0
1778905328.090043929	rmnet4	0	0	0	0
1778905328.090043929	rmnet5	0	0	0	0
1778905328.090043929	rmnet6	0	0	0	0
1778905328.090043929	rmnet7	0	0	0	0
1778905328.090043929	rmnet8	0	0	0	0
1778905328.090043929	rmnet9	0	0	0	0
1778905328.090043929	rmnet10	0	0	0	0
1778905328.090043929	rmnet11	0	0	0	0
1778905328.090043929	rmnet12	0	0	0	0
1778905328.090043929	rmnet13	0	0	0	0
1778905328.090043929	rmnet14	0	0	0	0
1778905328.090043929	rmnet15	0	0	0	0
1778905328.090043929	rmnet16	0	0	0	0
1778905328.090043929	rmnet17	0	0	0	0
1778905328.090043929	rmnet18	0	0	0	0
1778905328.090043929	rmnet19	0	0	0	0
1778905328.090043929	rmnet20	0	0	0	0
1778905328.090043929	rmnet21	0	0	0	0
1778905328.090043929	rmnet22	0	0	0	0
1778905328.090043929	rmnet23	0	0	0	0
1778905328.090043929	rmnet24	0	0	0	0
1778905328.090043929	rmnet25	0	0	0	0
1778905328.090043929	rmnet26	0	0	0	0
1778905328.090043929	rmnet27	0	0	0	0
1778905328.090043929	rmnet28	0	0	0	0
1778905328.090043929	rmnet29	0	0	0	0
1778905328.090043929	umts_dummy	0	0	0	0
1778905328.090043929	aware_nmi0	0	0	0	0
1778905328.090043929	wlan0	7121804040	6059680	1257197913	2890420
1778905328.090043929	wlan1	0	0	0	0
1778905328.090043929	radiotap0	0	0	0	0
1778905329.274676456	lo	2152017532	511990	2152017532	511990
1778905329.274676456	dummy0	0	0	2380	34
1778905329.274676456	ifb0	0	0	0	0
1778905329.274676456	ifb1	0	0	0	0
1778905329.274676456	tunl0	0	0	0	0
1778905329.274676456	gre0	0	0	0	0
1778905329.274676456	gretap0	0	0	0	0
1778905329.274676456	erspan0	0	0	0	0
1778905329.274676456	ip_vti0	0	0	0	0
1778905329.274676456	ip6_vti0	0	0	0	0
1778905329.274676456	sit0	0	0	0	0
1778905329.274676456	ip6tnl0	0	0	0	0
1778905329.274676456	ip6gre0	0	0	0	0
1778905329.274676456	rmnet0	0	0	0	0
1778905329.274676456	rmnet1	0	0	0	0
1778905329.274676456	rmnet2	0	0	0	0
1778905329.274676456	rmnet3	0	0	0	0
1778905329.274676456	rmnet4	0	0	0	0
1778905329.274676456	rmnet5	0	0	0	0
1778905329.274676456	rmnet6	0	0	0	0
1778905329.274676456	rmnet7	0	0	0	0
1778905329.274676456	rmnet8	0	0	0	0
1778905329.274676456	rmnet9	0	0	0	0
1778905329.274676456	rmnet10	0	0	0	0
1778905329.274676456	rmnet11	0	0	0	0
1778905329.274676456	rmnet12	0	0	0	0
1778905329.274676456	rmnet13	0	0	0	0
1778905329.274676456	rmnet14	0	0	0	0
1778905329.274676456	rmnet15	0	0	0	0
1778905329.274676456	rmnet16	0	0	0	0
1778905329.274676456	rmnet17	0	0	0	0
1778905329.274676456	rmnet18	0	0	0	0
1778905329.274676456	rmnet19	0	0	0	0
1778905329.274676456	rmnet20	0	0	0	0
1778905329.274676456	rmnet21	0	0	0	0
1778905329.274676456	rmnet22	0	0	0	0
1778905329.274676456	rmnet23	0	0	0	0
1778905329.274676456	rmnet24	0	0	0	0
1778905329.274676456	rmnet25	0	0	0	0
1778905329.274676456	rmnet26	0	0	0	0
1778905329.274676456	rmnet27	0	0	0	0
1778905329.274676456	rmnet28	0	0	0	0
1778905329.274676456	rmnet29	0	0	0	0
1778905329.274676456	umts_dummy	0	0	0	0
1778905329.274676456	aware_nmi0	0	0	0	0
1778905329.274676456	wlan0	7121806674	6059714	1257294690	2890506
1778905329.274676456	wlan1	0	0	0	0
1778905329.274676456	radiotap0	0	0	0	0
1778905330.443410311	lo	2152017532	511990	2152017532	511990
1778905330.443410311	dummy0	0	0	2380	34
1778905330.443410311	ifb0	0	0	0	0
1778905330.443410311	ifb1	0	0	0	0
1778905330.443410311	tunl0	0	0	0	0
1778905330.443410311	gre0	0	0	0	0
1778905330.443410311	gretap0	0	0	0	0
1778905330.443410311	erspan0	0	0	0	0
1778905330.443410311	ip_vti0	0	0	0	0
1778905330.443410311	ip6_vti0	0	0	0	0
1778905330.443410311	sit0	0	0	0	0
1778905330.443410311	ip6tnl0	0	0	0	0
1778905330.443410311	ip6gre0	0	0	0	0
1778905330.443410311	rmnet0	0	0	0	0
1778905330.443410311	rmnet1	0	0	0	0
1778905330.443410311	rmnet2	0	0	0	0
1778905330.443410311	rmnet3	0	0	0	0
1778905330.443410311	rmnet4	0	0	0	0
1778905330.443410311	rmnet5	0	0	0	0
1778905330.443410311	rmnet6	0	0	0	0
1778905330.443410311	rmnet7	0	0	0	0
1778905330.443410311	rmnet8	0	0	0	0
1778905330.443410311	rmnet9	0	0	0	0
1778905330.443410311	rmnet10	0	0	0	0
1778905330.443410311	rmnet11	0	0	0	0
1778905330.443410311	rmnet12	0	0	0	0
1778905330.443410311	rmnet13	0	0	0	0
1778905330.443410311	rmnet14	0	0	0	0
1778905330.443410311	rmnet15	0	0	0	0
1778905330.443410311	rmnet16	0	0	0	0
1778905330.443410311	rmnet17	0	0	0	0
1778905330.443410311	rmnet18	0	0	0	0
1778905330.443410311	rmnet19	0	0	0	0
1778905330.443410311	rmnet20	0	0	0	0
1778905330.443410311	rmnet21	0	0	0	0
1778905330.443410311	rmnet22	0	0	0	0
1778905330.443410311	rmnet23	0	0	0	0
1778905330.443410311	rmnet24	0	0	0	0
1778905330.443410311	rmnet25	0	0	0	0
1778905330.443410311	rmnet26	0	0	0	0
1778905330.443410311	rmnet27	0	0	0	0
1778905330.443410311	rmnet28	0	0	0	0
1778905330.443410311	rmnet29	0	0	0	0
1778905330.443410311	umts_dummy	0	0	0	0
1778905330.443410311	aware_nmi0	0	0	0	0
1778905330.443410311	wlan0	7121808410	6059747	1257337808	2890539
1778905330.443410311	wlan1	0	0	0	0
1778905330.443410311	radiotap0	0	0	0	0
1778905331.681083202	lo	2152017532	511990	2152017532	511990
1778905331.681083202	dummy0	0	0	2380	34
1778905331.681083202	ifb0	0	0	0	0
1778905331.681083202	ifb1	0	0	0	0
1778905331.681083202	tunl0	0	0	0	0
1778905331.681083202	gre0	0	0	0	0
1778905331.681083202	gretap0	0	0	0	0
1778905331.681083202	erspan0	0	0	0	0
1778905331.681083202	ip_vti0	0	0	0	0
1778905331.681083202	ip6_vti0	0	0	0	0
1778905331.681083202	sit0	0	0	0	0
1778905331.681083202	ip6tnl0	0	0	0	0
1778905331.681083202	ip6gre0	0	0	0	0
1778905331.681083202	rmnet0	0	0	0	0
1778905331.681083202	rmnet1	0	0	0	0
1778905331.681083202	rmnet2	0	0	0	0
1778905331.681083202	rmnet3	0	0	0	0
1778905331.681083202	rmnet4	0	0	0	0
1778905331.681083202	rmnet5	0	0	0	0
1778905331.681083202	rmnet6	0	0	0	0
1778905331.681083202	rmnet7	0	0	0	0
1778905331.681083202	rmnet8	0	0	0	0
1778905331.681083202	rmnet9	0	0	0	0
1778905331.681083202	rmnet10	0	0	0	0
1778905331.681083202	rmnet11	0	0	0	0
1778905331.681083202	rmnet12	0	0	0	0
1778905331.681083202	rmnet13	0	0	0	0
1778905331.681083202	rmnet14	0	0	0	0
1778905331.681083202	rmnet15	0	0	0	0
1778905331.681083202	rmnet16	0	0	0	0
1778905331.681083202	rmnet17	0	0	0	0
1778905331.681083202	rmnet18	0	0	0	0
1778905331.681083202	rmnet19	0	0	0	0
1778905331.681083202	rmnet20	0	0	0	0
1778905331.681083202	rmnet21	0	0	0	0
1778905331.681083202	rmnet22	0	0	0	0
1778905331.681083202	rmnet23	0	0	0	0
1778905331.681083202	rmnet24	0	0	0	0
1778905331.681083202	rmnet25	0	0	0	0
1778905331.681083202	rmnet26	0	0	0	0
1778905331.681083202	rmnet27	0	0	0	0
1778905331.681083202	rmnet28	0	0	0	0
1778905331.681083202	rmnet29	0	0	0	0
1778905331.681083202	umts_dummy	0	0	0	0
1778905331.681083202	aware_nmi0	0	0	0	0
1778905331.681083202	wlan0	7121808410	6059747	1257337902	2890540
1778905331.681083202	wlan1	0	0	0	0
1778905331.681083202	radiotap0	0	0	0	0
1778905332.894040235	lo	2152017532	511990	2152017532	511990
1778905332.894040235	dummy0	0	0	2380	34
1778905332.894040235	ifb0	0	0	0	0
1778905332.894040235	ifb1	0	0	0	0
1778905332.894040235	tunl0	0	0	0	0
1778905332.894040235	gre0	0	0	0	0
1778905332.894040235	gretap0	0	0	0	0
1778905332.894040235	erspan0	0	0	0	0
1778905332.894040235	ip_vti0	0	0	0	0
1778905332.894040235	ip6_vti0	0	0	0	0
1778905332.894040235	sit0	0	0	0	0
1778905332.894040235	ip6tnl0	0	0	0	0
1778905332.894040235	ip6gre0	0	0	0	0
1778905332.894040235	rmnet0	0	0	0	0
1778905332.894040235	rmnet1	0	0	0	0
1778905332.894040235	rmnet2	0	0	0	0
1778905332.894040235	rmnet3	0	0	0	0
1778905332.894040235	rmnet4	0	0	0	0
1778905332.894040235	rmnet5	0	0	0	0
1778905332.894040235	rmnet6	0	0	0	0
1778905332.894040235	rmnet7	0	0	0	0
1778905332.894040235	rmnet8	0	0	0	0
1778905332.894040235	rmnet9	0	0	0	0
1778905332.894040235	rmnet10	0	0	0	0
1778905332.894040235	rmnet11	0	0	0	0
1778905332.894040235	rmnet12	0	0	0	0
1778905332.894040235	rmnet13	0	0	0	0
1778905332.894040235	rmnet14	0	0	0	0
1778905332.894040235	rmnet15	0	0	0	0
1778905332.894040235	rmnet16	0	0	0	0
1778905332.894040235	rmnet17	0	0	0	0
1778905332.894040235	rmnet18	0	0	0	0
1778905332.894040235	rmnet19	0	0	0	0
1778905332.894040235	rmnet20	0	0	0	0
1778905332.894040235	rmnet21	0	0	0	0
1778905332.894040235	rmnet22	0	0	0	0
1778905332.894040235	rmnet23	0	0	0	0
1778905332.894040235	rmnet24	0	0	0	0
1778905332.894040235	rmnet25	0	0	0	0
1778905332.894040235	rmnet26	0	0	0	0
1778905332.894040235	rmnet27	0	0	0	0
1778905332.894040235	rmnet28	0	0	0	0
1778905332.894040235	rmnet29	0	0	0	0
1778905332.894040235	umts_dummy	0	0	0	0
1778905332.894040235	aware_nmi0	0	0	0	0
1778905332.894040235	wlan0	7121808586	6059749	1257351684	2890553
1778905332.894040235	wlan1	0	0	0	0
1778905332.894040235	radiotap0	0	0	0	0
1778905334.110466407	lo	2152017532	511990	2152017532	511990
1778905334.110466407	dummy0	0	0	2380	34
1778905334.110466407	ifb0	0	0	0	0
1778905334.110466407	ifb1	0	0	0	0
1778905334.110466407	tunl0	0	0	0	0
1778905334.110466407	gre0	0	0	0	0
1778905334.110466407	gretap0	0	0	0	0
1778905334.110466407	erspan0	0	0	0	0
1778905334.110466407	ip_vti0	0	0	0	0
1778905334.110466407	ip6_vti0	0	0	0	0
1778905334.110466407	sit0	0	0	0	0
1778905334.110466407	ip6tnl0	0	0	0	0
1778905334.110466407	ip6gre0	0	0	0	0
1778905334.110466407	rmnet0	0	0	0	0
1778905334.110466407	rmnet1	0	0	0	0
1778905334.110466407	rmnet2	0	0	0	0
1778905334.110466407	rmnet3	0	0	0	0
1778905334.110466407	rmnet4	0	0	0	0
1778905334.110466407	rmnet5	0	0	0	0
1778905334.110466407	rmnet6	0	0	0	0
1778905334.110466407	rmnet7	0	0	0	0
1778905334.110466407	rmnet8	0	0	0	0
1778905334.110466407	rmnet9	0	0	0	0
1778905334.110466407	rmnet10	0	0	0	0
1778905334.110466407	rmnet11	0	0	0	0
1778905334.110466407	rmnet12	0	0	0	0
1778905334.110466407	rmnet13	0	0	0	0
1778905334.110466407	rmnet14	0	0	0	0
1778905334.110466407	rmnet15	0	0	0	0
1778905334.110466407	rmnet16	0	0	0	0
1778905334.110466407	rmnet17	0	0	0	0
1778905334.110466407	rmnet18	0	0	0	0
1778905334.110466407	rmnet19	0	0	0	0
1778905334.110466407	rmnet20	0	0	0	0
1778905334.110466407	rmnet21	0	0	0	0
1778905334.110466407	rmnet22	0	0	0	0
1778905334.110466407	rmnet23	0	0	0	0
1778905334.110466407	rmnet24	0	0	0	0
1778905334.110466407	rmnet25	0	0	0	0
1778905334.110466407	rmnet26	0	0	0	0
1778905334.110466407	rmnet27	0	0	0	0
1778905334.110466407	rmnet28	0	0	0	0
1778905334.110466407	rmnet29	0	0	0	0
1778905334.110466407	umts_dummy	0	0	0	0
1778905334.110466407	aware_nmi0	0	0	0	0
1778905334.110466407	wlan0	7121811918	6059812	1257477564	2890649
1778905334.110466407	wlan1	0	0	0	0
1778905334.110466407	radiotap0	0	0	0	0
1778905335.291065497	lo	2152017532	511990	2152017532	511990
1778905335.291065497	dummy0	0	0	2380	34
1778905335.291065497	ifb0	0	0	0	0
1778905335.291065497	ifb1	0	0	0	0
1778905335.291065497	tunl0	0	0	0	0
1778905335.291065497	gre0	0	0	0	0
1778905335.291065497	gretap0	0	0	0	0
1778905335.291065497	erspan0	0	0	0	0
1778905335.291065497	ip_vti0	0	0	0	0
1778905335.291065497	ip6_vti0	0	0	0	0
1778905335.291065497	sit0	0	0	0	0
1778905335.291065497	ip6tnl0	0	0	0	0
1778905335.291065497	ip6gre0	0	0	0	0
1778905335.291065497	rmnet0	0	0	0	0
1778905335.291065497	rmnet1	0	0	0	0
1778905335.291065497	rmnet2	0	0	0	0
1778905335.291065497	rmnet3	0	0	0	0
1778905335.291065497	rmnet4	0	0	0	0
1778905335.291065497	rmnet5	0	0	0	0
1778905335.291065497	rmnet6	0	0	0	0
1778905335.291065497	rmnet7	0	0	0	0
1778905335.291065497	rmnet8	0	0	0	0
1778905335.291065497	rmnet9	0	0	0	0
1778905335.291065497	rmnet10	0	0	0	0
1778905335.291065497	rmnet11	0	0	0	0
1778905335.291065497	rmnet12	0	0	0	0
1778905335.291065497	rmnet13	0	0	0	0
1778905335.291065497	rmnet14	0	0	0	0
1778905335.291065497	rmnet15	0	0	0	0
1778905335.291065497	rmnet16	0	0	0	0
1778905335.291065497	rmnet17	0	0	0	0
1778905335.291065497	rmnet18	0	0	0	0
1778905335.291065497	rmnet19	0	0	0	0
1778905335.291065497	rmnet20	0	0	0	0
1778905335.291065497	rmnet21	0	0	0	0
1778905335.291065497	rmnet22	0	0	0	0
1778905335.291065497	rmnet23	0	0	0	0
1778905335.291065497	rmnet24	0	0	0	0
1778905335.291065497	rmnet25	0	0	0	0
1778905335.291065497	rmnet26	0	0	0	0
1778905335.291065497	rmnet27	0	0	0	0
1778905335.291065497	rmnet28	0	0	0	0
1778905335.291065497	rmnet29	0	0	0	0
1778905335.291065497	umts_dummy	0	0	0	0
1778905335.291065497	aware_nmi0	0	0	0	0
1778905335.291065497	wlan0	7121812022	6059813	1257477638	2890650
1778905335.291065497	wlan1	0	0	0	0
1778905335.291065497	radiotap0	0	0	0	0
1778905336.489986748	lo	2152017532	511990	2152017532	511990
1778905336.489986748	dummy0	0	0	2380	34
1778905336.489986748	ifb0	0	0	0	0
1778905336.489986748	ifb1	0	0	0	0
1778905336.489986748	tunl0	0	0	0	0
1778905336.489986748	gre0	0	0	0	0
1778905336.489986748	gretap0	0	0	0	0
1778905336.489986748	erspan0	0	0	0	0
1778905336.489986748	ip_vti0	0	0	0	0
1778905336.489986748	ip6_vti0	0	0	0	0
1778905336.489986748	sit0	0	0	0	0
1778905336.489986748	ip6tnl0	0	0	0	0
1778905336.489986748	ip6gre0	0	0	0	0
1778905336.489986748	rmnet0	0	0	0	0
1778905336.489986748	rmnet1	0	0	0	0
1778905336.489986748	rmnet2	0	0	0	0
1778905336.489986748	rmnet3	0	0	0	0
1778905336.489986748	rmnet4	0	0	0	0
1778905336.489986748	rmnet5	0	0	0	0
1778905336.489986748	rmnet6	0	0	0	0
1778905336.489986748	rmnet7	0	0	0	0
1778905336.489986748	rmnet8	0	0	0	0
1778905336.489986748	rmnet9	0	0	0	0
1778905336.489986748	rmnet10	0	0	0	0
1778905336.489986748	rmnet11	0	0	0	0
1778905336.489986748	rmnet12	0	0	0	0
1778905336.489986748	rmnet13	0	0	0	0
1778905336.489986748	rmnet14	0	0	0	0
1778905336.489986748	rmnet15	0	0	0	0
1778905336.489986748	rmnet16	0	0	0	0
1778905336.489986748	rmnet17	0	0	0	0
1778905336.489986748	rmnet18	0	0	0	0
1778905336.489986748	rmnet19	0	0	0	0
1778905336.489986748	rmnet20	0	0	0	0
1778905336.489986748	rmnet21	0	0	0	0
1778905336.489986748	rmnet22	0	0	0	0
1778905336.489986748	rmnet23	0	0	0	0
1778905336.489986748	rmnet24	0	0	0	0
1778905336.489986748	rmnet25	0	0	0	0
1778905336.489986748	rmnet26	0	0	0	0
1778905336.489986748	rmnet27	0	0	0	0
1778905336.489986748	rmnet28	0	0	0	0
1778905336.489986748	rmnet29	0	0	0	0
1778905336.489986748	umts_dummy	0	0	0	0
1778905336.489986748	aware_nmi0	0	0	0	0
1778905336.489986748	wlan0	7121812022	6059813	1257477806	2890652
1778905336.489986748	wlan1	0	0	0	0
1778905336.489986748	radiotap0	0	0	0	0
1778905337.658320785	lo	2152017532	511990	2152017532	511990
1778905337.658320785	dummy0	0	0	2380	34
1778905337.658320785	ifb0	0	0	0	0
1778905337.658320785	ifb1	0	0	0	0
1778905337.658320785	tunl0	0	0	0	0
1778905337.658320785	gre0	0	0	0	0
1778905337.658320785	gretap0	0	0	0	0
1778905337.658320785	erspan0	0	0	0	0
1778905337.658320785	ip_vti0	0	0	0	0
1778905337.658320785	ip6_vti0	0	0	0	0
1778905337.658320785	sit0	0	0	0	0
1778905337.658320785	ip6tnl0	0	0	0	0
1778905337.658320785	ip6gre0	0	0	0	0
1778905337.658320785	rmnet0	0	0	0	0
1778905337.658320785	rmnet1	0	0	0	0
1778905337.658320785	rmnet2	0	0	0	0
1778905337.658320785	rmnet3	0	0	0	0
1778905337.658320785	rmnet4	0	0	0	0
1778905337.658320785	rmnet5	0	0	0	0
1778905337.658320785	rmnet6	0	0	0	0
1778905337.658320785	rmnet7	0	0	0	0
1778905337.658320785	rmnet8	0	0	0	0
1778905337.658320785	rmnet9	0	0	0	0
1778905337.658320785	rmnet10	0	0	0	0
1778905337.658320785	rmnet11	0	0	0	0
1778905337.658320785	rmnet12	0	0	0	0
1778905337.658320785	rmnet13	0	0	0	0
1778905337.658320785	rmnet14	0	0	0	0
1778905337.658320785	rmnet15	0	0	0	0
1778905337.658320785	rmnet16	0	0	0	0
1778905337.658320785	rmnet17	0	0	0	0
1778905337.658320785	rmnet18	0	0	0	0
1778905337.658320785	rmnet19	0	0	0	0
1778905337.658320785	rmnet20	0	0	0	0
1778905337.658320785	rmnet21	0	0	0	0
1778905337.658320785	rmnet22	0	0	0	0
1778905337.658320785	rmnet23	0	0	0	0
1778905337.658320785	rmnet24	0	0	0	0
1778905337.658320785	rmnet25	0	0	0	0
1778905337.658320785	rmnet26	0	0	0	0
1778905337.658320785	rmnet27	0	0	0	0
1778905337.658320785	rmnet28	0	0	0	0
1778905337.658320785	rmnet29	0	0	0	0
1778905337.658320785	umts_dummy	0	0	0	0
1778905337.658320785	aware_nmi0	0	0	0	0
1778905337.658320785	wlan0	7121814362	6059857	1257615782	2890756
1778905337.658320785	wlan1	0	0	0	0
1778905337.658320785	radiotap0	0	0	0	0
1778905338.840791749	lo	2152017532	511990	2152017532	511990
1778905338.840791749	dummy0	0	0	2380	34
1778905338.840791749	ifb0	0	0	0	0
1778905338.840791749	ifb1	0	0	0	0
1778905338.840791749	tunl0	0	0	0	0
1778905338.840791749	gre0	0	0	0	0
1778905338.840791749	gretap0	0	0	0	0
1778905338.840791749	erspan0	0	0	0	0
1778905338.840791749	ip_vti0	0	0	0	0
1778905338.840791749	ip6_vti0	0	0	0	0
1778905338.840791749	sit0	0	0	0	0
1778905338.840791749	ip6tnl0	0	0	0	0
1778905338.840791749	ip6gre0	0	0	0	0
1778905338.840791749	rmnet0	0	0	0	0
1778905338.840791749	rmnet1	0	0	0	0
1778905338.840791749	rmnet2	0	0	0	0
1778905338.840791749	rmnet3	0	0	0	0
1778905338.840791749	rmnet4	0	0	0	0
1778905338.840791749	rmnet5	0	0	0	0
1778905338.840791749	rmnet6	0	0	0	0
1778905338.840791749	rmnet7	0	0	0	0
1778905338.840791749	rmnet8	0	0	0	0
1778905338.840791749	rmnet9	0	0	0	0
1778905338.840791749	rmnet10	0	0	0	0
1778905338.840791749	rmnet11	0	0	0	0
1778905338.840791749	rmnet12	0	0	0	0
1778905338.840791749	rmnet13	0	0	0	0
1778905338.840791749	rmnet14	0	0	0	0
1778905338.840791749	rmnet15	0	0	0	0
1778905338.840791749	rmnet16	0	0	0	0
1778905338.840791749	rmnet17	0	0	0	0
1778905338.840791749	rmnet18	0	0	0	0
1778905338.840791749	rmnet19	0	0	0	0
1778905338.840791749	rmnet20	0	0	0	0
1778905338.840791749	rmnet21	0	0	0	0
1778905338.840791749	rmnet22	0	0	0	0
1778905338.840791749	rmnet23	0	0	0	0
1778905338.840791749	rmnet24	0	0	0	0
1778905338.840791749	rmnet25	0	0	0	0
1778905338.840791749	rmnet26	0	0	0	0
1778905338.840791749	rmnet27	0	0	0	0
1778905338.840791749	rmnet28	0	0	0	0
1778905338.840791749	rmnet29	0	0	0	0
1778905338.840791749	umts_dummy	0	0	0	0
1778905338.840791749	aware_nmi0	0	0	0	0
1778905338.840791749	wlan0	7121814550	6059859	1257615880	2890757
1778905338.840791749	wlan1	0	0	0	0
1778905338.840791749	radiotap0	0	0	0	0
1778905340.011752844	lo	2152017532	511990	2152017532	511990
1778905340.011752844	dummy0	0	0	2380	34
1778905340.011752844	ifb0	0	0	0	0
1778905340.011752844	ifb1	0	0	0	0
1778905340.011752844	tunl0	0	0	0	0
1778905340.011752844	gre0	0	0	0	0
1778905340.011752844	gretap0	0	0	0	0
1778905340.011752844	erspan0	0	0	0	0
1778905340.011752844	ip_vti0	0	0	0	0
1778905340.011752844	ip6_vti0	0	0	0	0
1778905340.011752844	sit0	0	0	0	0
1778905340.011752844	ip6tnl0	0	0	0	0
1778905340.011752844	ip6gre0	0	0	0	0
1778905340.011752844	rmnet0	0	0	0	0
1778905340.011752844	rmnet1	0	0	0	0
1778905340.011752844	rmnet2	0	0	0	0
1778905340.011752844	rmnet3	0	0	0	0
1778905340.011752844	rmnet4	0	0	0	0
1778905340.011752844	rmnet5	0	0	0	0
1778905340.011752844	rmnet6	0	0	0	0
1778905340.011752844	rmnet7	0	0	0	0
1778905340.011752844	rmnet8	0	0	0	0
1778905340.011752844	rmnet9	0	0	0	0
1778905340.011752844	rmnet10	0	0	0	0
1778905340.011752844	rmnet11	0	0	0	0
1778905340.011752844	rmnet12	0	0	0	0
1778905340.011752844	rmnet13	0	0	0	0
1778905340.011752844	rmnet14	0	0	0	0
1778905340.011752844	rmnet15	0	0	0	0
1778905340.011752844	rmnet16	0	0	0	0
1778905340.011752844	rmnet17	0	0	0	0
1778905340.011752844	rmnet18	0	0	0	0
1778905340.011752844	rmnet19	0	0	0	0
1778905340.011752844	rmnet20	0	0	0	0
1778905340.011752844	rmnet21	0	0	0	0
1778905340.011752844	rmnet22	0	0	0	0
1778905340.011752844	rmnet23	0	0	0	0
1778905340.011752844	rmnet24	0	0	0	0
1778905340.011752844	rmnet25	0	0	0	0
1778905340.011752844	rmnet26	0	0	0	0
1778905340.011752844	rmnet27	0	0	0	0
1778905340.011752844	rmnet28	0	0	0	0
1778905340.011752844	rmnet29	0	0	0	0
1778905340.011752844	umts_dummy	0	0	0	0
1778905340.011752844	aware_nmi0	0	0	0	0
1778905340.011752844	wlan0	7121814824	6059863	1257616106	2890760
1778905340.011752844	wlan1	0	0	0	0
1778905340.011752844	radiotap0	0	0	0	0
1778905341.238672819	lo	2152017532	511990	2152017532	511990
1778905341.238672819	dummy0	0	0	2380	34
1778905341.238672819	ifb0	0	0	0	0
1778905341.238672819	ifb1	0	0	0	0
1778905341.238672819	tunl0	0	0	0	0
1778905341.238672819	gre0	0	0	0	0
1778905341.238672819	gretap0	0	0	0	0
1778905341.238672819	erspan0	0	0	0	0
1778905341.238672819	ip_vti0	0	0	0	0
1778905341.238672819	ip6_vti0	0	0	0	0
1778905341.238672819	sit0	0	0	0	0
1778905341.238672819	ip6tnl0	0	0	0	0
1778905341.238672819	ip6gre0	0	0	0	0
1778905341.238672819	rmnet0	0	0	0	0
1778905341.238672819	rmnet1	0	0	0	0
1778905341.238672819	rmnet2	0	0	0	0
1778905341.238672819	rmnet3	0	0	0	0
1778905341.238672819	rmnet4	0	0	0	0
1778905341.238672819	rmnet5	0	0	0	0
1778905341.238672819	rmnet6	0	0	0	0
1778905341.238672819	rmnet7	0	0	0	0
1778905341.238672819	rmnet8	0	0	0	0
1778905341.238672819	rmnet9	0	0	0	0
1778905341.238672819	rmnet10	0	0	0	0
1778905341.238672819	rmnet11	0	0	0	0
1778905341.238672819	rmnet12	0	0	0	0
1778905341.238672819	rmnet13	0	0	0	0
1778905341.238672819	rmnet14	0	0	0	0
1778905341.238672819	rmnet15	0	0	0	0
1778905341.238672819	rmnet16	0	0	0	0
1778905341.238672819	rmnet17	0	0	0	0
1778905341.238672819	rmnet18	0	0	0	0
1778905341.238672819	rmnet19	0	0	0	0
1778905341.238672819	rmnet20	0	0	0	0
1778905341.238672819	rmnet21	0	0	0	0
1778905341.238672819	rmnet22	0	0	0	0
1778905341.238672819	rmnet23	0	0	0	0
1778905341.238672819	rmnet24	0	0	0	0
1778905341.238672819	rmnet25	0	0	0	0
1778905341.238672819	rmnet26	0	0	0	0
1778905341.238672819	rmnet27	0	0	0	0
1778905341.238672819	rmnet28	0	0	0	0
1778905341.238672819	rmnet29	0	0	0	0
1778905341.238672819	umts_dummy	0	0	0	0
1778905341.238672819	aware_nmi0	0	0	0	0
1778905341.238672819	wlan0	7121815344	6059872	1257657030	2890794
1778905341.238672819	wlan1	0	0	0	0
1778905341.238672819	radiotap0	0	0	0	0
1778905342.425886856	lo	2152017532	511990	2152017532	511990
1778905342.425886856	dummy0	0	0	2380	34
1778905342.425886856	ifb0	0	0	0	0
1778905342.425886856	ifb1	0	0	0	0
1778905342.425886856	tunl0	0	0	0	0
1778905342.425886856	gre0	0	0	0	0
1778905342.425886856	gretap0	0	0	0	0
1778905342.425886856	erspan0	0	0	0	0
1778905342.425886856	ip_vti0	0	0	0	0
1778905342.425886856	ip6_vti0	0	0	0	0
1778905342.425886856	sit0	0	0	0	0
1778905342.425886856	ip6tnl0	0	0	0	0
1778905342.425886856	ip6gre0	0	0	0	0
1778905342.425886856	rmnet0	0	0	0	0
1778905342.425886856	rmnet1	0	0	0	0
1778905342.425886856	rmnet2	0	0	0	0
1778905342.425886856	rmnet3	0	0	0	0
1778905342.425886856	rmnet4	0	0	0	0
1778905342.425886856	rmnet5	0	0	0	0
1778905342.425886856	rmnet6	0	0	0	0
1778905342.425886856	rmnet7	0	0	0	0
1778905342.425886856	rmnet8	0	0	0	0
1778905342.425886856	rmnet9	0	0	0	0
1778905342.425886856	rmnet10	0	0	0	0
1778905342.425886856	rmnet11	0	0	0	0
1778905342.425886856	rmnet12	0	0	0	0
1778905342.425886856	rmnet13	0	0	0	0
1778905342.425886856	rmnet14	0	0	0	0
1778905342.425886856	rmnet15	0	0	0	0
1778905342.425886856	rmnet16	0	0	0	0
1778905342.425886856	rmnet17	0	0	0	0
1778905342.425886856	rmnet18	0	0	0	0
1778905342.425886856	rmnet19	0	0	0	0
1778905342.425886856	rmnet20	0	0	0	0
1778905342.425886856	rmnet21	0	0	0	0
1778905342.425886856	rmnet22	0	0	0	0
1778905342.425886856	rmnet23	0	0	0	0
1778905342.425886856	rmnet24	0	0	0	0
1778905342.425886856	rmnet25	0	0	0	0
1778905342.425886856	rmnet26	0	0	0	0
1778905342.425886856	rmnet27	0	0	0	0
1778905342.425886856	rmnet28	0	0	0	0
1778905342.425886856	rmnet29	0	0	0	0
1778905342.425886856	umts_dummy	0	0	0	0
1778905342.425886856	aware_nmi0	0	0	0	0
1778905342.425886856	wlan0	7121817144	6059905	1257754406	2890868
1778905342.425886856	wlan1	0	0	0	0
1778905342.425886856	radiotap0	0	0	0	0
1778905343.622871779	lo	2152017532	511990	2152017532	511990
1778905343.622871779	dummy0	0	0	2380	34
1778905343.622871779	ifb0	0	0	0	0
1778905343.622871779	ifb1	0	0	0	0
1778905343.622871779	tunl0	0	0	0	0
1778905343.622871779	gre0	0	0	0	0
1778905343.622871779	gretap0	0	0	0	0
1778905343.622871779	erspan0	0	0	0	0
1778905343.622871779	ip_vti0	0	0	0	0
1778905343.622871779	ip6_vti0	0	0	0	0
1778905343.622871779	sit0	0	0	0	0
1778905343.622871779	ip6tnl0	0	0	0	0
1778905343.622871779	ip6gre0	0	0	0	0
1778905343.622871779	rmnet0	0	0	0	0
1778905343.622871779	rmnet1	0	0	0	0
1778905343.622871779	rmnet2	0	0	0	0
1778905343.622871779	rmnet3	0	0	0	0
1778905343.622871779	rmnet4	0	0	0	0
1778905343.622871779	rmnet5	0	0	0	0
1778905343.622871779	rmnet6	0	0	0	0
1778905343.622871779	rmnet7	0	0	0	0
1778905343.622871779	rmnet8	0	0	0	0
1778905343.622871779	rmnet9	0	0	0	0
1778905343.622871779	rmnet10	0	0	0	0
1778905343.622871779	rmnet11	0	0	0	0
1778905343.622871779	rmnet12	0	0	0	0
1778905343.622871779	rmnet13	0	0	0	0
1778905343.622871779	rmnet14	0	0	0	0
1778905343.622871779	rmnet15	0	0	0	0
1778905343.622871779	rmnet16	0	0	0	0
1778905343.622871779	rmnet17	0	0	0	0
1778905343.622871779	rmnet18	0	0	0	0
1778905343.622871779	rmnet19	0	0	0	0
1778905343.622871779	rmnet20	0	0	0	0
1778905343.622871779	rmnet21	0	0	0	0
1778905343.622871779	rmnet22	0	0	0	0
1778905343.622871779	rmnet23	0	0	0	0
1778905343.622871779	rmnet24	0	0	0	0
1778905343.622871779	rmnet25	0	0	0	0
1778905343.622871779	rmnet26	0	0	0	0
1778905343.622871779	rmnet27	0	0	0	0
1778905343.622871779	rmnet28	0	0	0	0
1778905343.622871779	rmnet29	0	0	0	0
1778905343.622871779	umts_dummy	0	0	0	0
1778905343.622871779	aware_nmi0	0	0	0	0
1778905343.622871779	wlan0	7121817300	6059907	1257754598	2890870
1778905343.622871779	wlan1	0	0	0	0
1778905343.622871779	radiotap0	0	0	0	0
1778905344.835081676	lo	2152017532	511990	2152017532	511990
1778905344.835081676	dummy0	0	0	2380	34
1778905344.835081676	ifb0	0	0	0	0
1778905344.835081676	ifb1	0	0	0	0
1778905344.835081676	tunl0	0	0	0	0
1778905344.835081676	gre0	0	0	0	0
1778905344.835081676	gretap0	0	0	0	0
1778905344.835081676	erspan0	0	0	0	0
1778905344.835081676	ip_vti0	0	0	0	0
1778905344.835081676	ip6_vti0	0	0	0	0
1778905344.835081676	sit0	0	0	0	0
1778905344.835081676	ip6tnl0	0	0	0	0
1778905344.835081676	ip6gre0	0	0	0	0
1778905344.835081676	rmnet0	0	0	0	0
1778905344.835081676	rmnet1	0	0	0	0
1778905344.835081676	rmnet2	0	0	0	0
1778905344.835081676	rmnet3	0	0	0	0
1778905344.835081676	rmnet4	0	0	0	0
1778905344.835081676	rmnet5	0	0	0	0
1778905344.835081676	rmnet6	0	0	0	0
1778905344.835081676	rmnet7	0	0	0	0
1778905344.835081676	rmnet8	0	0	0	0
1778905344.835081676	rmnet9	0	0	0	0
1778905344.835081676	rmnet10	0	0	0	0
1778905344.835081676	rmnet11	0	0	0	0
1778905344.835081676	rmnet12	0	0	0	0
1778905344.835081676	rmnet13	0	0	0	0
1778905344.835081676	rmnet14	0	0	0	0
1778905344.835081676	rmnet15	0	0	0	0
1778905344.835081676	rmnet16	0	0	0	0
1778905344.835081676	rmnet17	0	0	0	0
1778905344.835081676	rmnet18	0	0	0	0
1778905344.835081676	rmnet19	0	0	0	0
1778905344.835081676	rmnet20	0	0	0	0
1778905344.835081676	rmnet21	0	0	0	0
1778905344.835081676	rmnet22	0	0	0	0
1778905344.835081676	rmnet23	0	0	0	0
1778905344.835081676	rmnet24	0	0	0	0
1778905344.835081676	rmnet25	0	0	0	0
1778905344.835081676	rmnet26	0	0	0	0
1778905344.835081676	rmnet27	0	0	0	0
1778905344.835081676	rmnet28	0	0	0	0
1778905344.835081676	rmnet29	0	0	0	0
1778905344.835081676	umts_dummy	0	0	0	0
1778905344.835081676	aware_nmi0	0	0	0	0
1778905344.835081676	wlan0	7121817456	6059909	1257754884	2890873
1778905344.835081676	wlan1	0	0	0	0
1778905344.835081676	radiotap0	0	0	0	0
1778905346.012628317	lo	2152017532	511990	2152017532	511990
1778905346.012628317	dummy0	0	0	2380	34
1778905346.012628317	ifb0	0	0	0	0
1778905346.012628317	ifb1	0	0	0	0
1778905346.012628317	tunl0	0	0	0	0
1778905346.012628317	gre0	0	0	0	0
1778905346.012628317	gretap0	0	0	0	0
1778905346.012628317	erspan0	0	0	0	0
1778905346.012628317	ip_vti0	0	0	0	0
1778905346.012628317	ip6_vti0	0	0	0	0
1778905346.012628317	sit0	0	0	0	0
1778905346.012628317	ip6tnl0	0	0	0	0
1778905346.012628317	ip6gre0	0	0	0	0
1778905346.012628317	rmnet0	0	0	0	0
1778905346.012628317	rmnet1	0	0	0	0
1778905346.012628317	rmnet2	0	0	0	0
1778905346.012628317	rmnet3	0	0	0	0
1778905346.012628317	rmnet4	0	0	0	0
1778905346.012628317	rmnet5	0	0	0	0
1778905346.012628317	rmnet6	0	0	0	0
1778905346.012628317	rmnet7	0	0	0	0
1778905346.012628317	rmnet8	0	0	0	0
1778905346.012628317	rmnet9	0	0	0	0
1778905346.012628317	rmnet10	0	0	0	0
1778905346.012628317	rmnet11	0	0	0	0
1778905346.012628317	rmnet12	0	0	0	0
1778905346.012628317	rmnet13	0	0	0	0
1778905346.012628317	rmnet14	0	0	0	0
1778905346.012628317	rmnet15	0	0	0	0
1778905346.012628317	rmnet16	0	0	0	0
1778905346.012628317	rmnet17	0	0	0	0
1778905346.012628317	rmnet18	0	0	0	0
1778905346.012628317	rmnet19	0	0	0	0
1778905346.012628317	rmnet20	0	0	0	0
1778905346.012628317	rmnet21	0	0	0	0
1778905346.012628317	rmnet22	0	0	0	0
1778905346.012628317	rmnet23	0	0	0	0
1778905346.012628317	rmnet24	0	0	0	0
1778905346.012628317	rmnet25	0	0	0	0
1778905346.012628317	rmnet26	0	0	0	0
1778905346.012628317	rmnet27	0	0	0	0
1778905346.012628317	rmnet28	0	0	0	0
1778905346.012628317	rmnet29	0	0	0	0
1778905346.012628317	umts_dummy	0	0	0	0
1778905346.012628317	aware_nmi0	0	0	0	0
1778905346.012628317	wlan0	7121819880	6059954	1257892880	2890977
1778905346.012628317	wlan1	0	0	0	0
1778905346.012628317	radiotap0	0	0	0	0
1778905347.199407693	lo	2152017532	511990	2152017532	511990
1778905347.199407693	dummy0	0	0	2380	34
1778905347.199407693	ifb0	0	0	0	0
1778905347.199407693	ifb1	0	0	0	0
1778905347.199407693	tunl0	0	0	0	0
1778905347.199407693	gre0	0	0	0	0
1778905347.199407693	gretap0	0	0	0	0
1778905347.199407693	erspan0	0	0	0	0
1778905347.199407693	ip_vti0	0	0	0	0
1778905347.199407693	ip6_vti0	0	0	0	0
1778905347.199407693	sit0	0	0	0	0
1778905347.199407693	ip6tnl0	0	0	0	0
1778905347.199407693	ip6gre0	0	0	0	0
1778905347.199407693	rmnet0	0	0	0	0
1778905347.199407693	rmnet1	0	0	0	0
1778905347.199407693	rmnet2	0	0	0	0
1778905347.199407693	rmnet3	0	0	0	0
1778905347.199407693	rmnet4	0	0	0	0
1778905347.199407693	rmnet5	0	0	0	0
1778905347.199407693	rmnet6	0	0	0	0
1778905347.199407693	rmnet7	0	0	0	0
1778905347.199407693	rmnet8	0	0	0	0
1778905347.199407693	rmnet9	0	0	0	0
1778905347.199407693	rmnet10	0	0	0	0
1778905347.199407693	rmnet11	0	0	0	0
1778905347.199407693	rmnet12	0	0	0	0
1778905347.199407693	rmnet13	0	0	0	0
1778905347.199407693	rmnet14	0	0	0	0
1778905347.199407693	rmnet15	0	0	0	0
1778905347.199407693	rmnet16	0	0	0	0
1778905347.199407693	rmnet17	0	0	0	0
1778905347.199407693	rmnet18	0	0	0	0
1778905347.199407693	rmnet19	0	0	0	0
1778905347.199407693	rmnet20	0	0	0	0
1778905347.199407693	rmnet21	0	0	0	0
1778905347.199407693	rmnet22	0	0	0	0
1778905347.199407693	rmnet23	0	0	0	0
1778905347.199407693	rmnet24	0	0	0	0
1778905347.199407693	rmnet25	0	0	0	0
1778905347.199407693	rmnet26	0	0	0	0
1778905347.199407693	rmnet27	0	0	0	0
1778905347.199407693	rmnet28	0	0	0	0
1778905347.199407693	rmnet29	0	0	0	0
1778905347.199407693	umts_dummy	0	0	0	0
1778905347.199407693	aware_nmi0	0	0	0	0
1778905347.199407693	wlan0	7121820056	6059957	1257893126	2890980
1778905347.199407693	wlan1	0	0	0	0
1778905347.199407693	radiotap0	0	0	0	0
1778905348.405729934	lo	2152017532	511990	2152017532	511990
1778905348.405729934	dummy0	0	0	2380	34
1778905348.405729934	ifb0	0	0	0	0
1778905348.405729934	ifb1	0	0	0	0
1778905348.405729934	tunl0	0	0	0	0
1778905348.405729934	gre0	0	0	0	0
1778905348.405729934	gretap0	0	0	0	0
1778905348.405729934	erspan0	0	0	0	0
1778905348.405729934	ip_vti0	0	0	0	0
1778905348.405729934	ip6_vti0	0	0	0	0
1778905348.405729934	sit0	0	0	0	0
1778905348.405729934	ip6tnl0	0	0	0	0
1778905348.405729934	ip6gre0	0	0	0	0
1778905348.405729934	rmnet0	0	0	0	0
1778905348.405729934	rmnet1	0	0	0	0
1778905348.405729934	rmnet2	0	0	0	0
1778905348.405729934	rmnet3	0	0	0	0
1778905348.405729934	rmnet4	0	0	0	0
1778905348.405729934	rmnet5	0	0	0	0
1778905348.405729934	rmnet6	0	0	0	0
1778905348.405729934	rmnet7	0	0	0	0
1778905348.405729934	rmnet8	0	0	0	0
1778905348.405729934	rmnet9	0	0	0	0
1778905348.405729934	rmnet10	0	0	0	0
1778905348.405729934	rmnet11	0	0	0	0
1778905348.405729934	rmnet12	0	0	0	0
1778905348.405729934	rmnet13	0	0	0	0
1778905348.405729934	rmnet14	0	0	0	0
1778905348.405729934	rmnet15	0	0	0	0
1778905348.405729934	rmnet16	0	0	0	0
1778905348.405729934	rmnet17	0	0	0	0
1778905348.405729934	rmnet18	0	0	0	0
1778905348.405729934	rmnet19	0	0	0	0
1778905348.405729934	rmnet20	0	0	0	0
1778905348.405729934	rmnet21	0	0	0	0
1778905348.405729934	rmnet22	0	0	0	0
1778905348.405729934	rmnet23	0	0	0	0
1778905348.405729934	rmnet24	0	0	0	0
1778905348.405729934	rmnet25	0	0	0	0
1778905348.405729934	rmnet26	0	0	0	0
1778905348.405729934	rmnet27	0	0	0	0
1778905348.405729934	rmnet28	0	0	0	0
1778905348.405729934	rmnet29	0	0	0	0
1778905348.405729934	umts_dummy	0	0	0	0
1778905348.405729934	aware_nmi0	0	0	0	0
1778905348.405729934	wlan0	7121820200	6059959	1257893126	2890980
1778905348.405729934	wlan1	0	0	0	0
1778905348.405729934	radiotap0	0	0	0	0
1778905349.552996575	lo	2152017532	511990	2152017532	511990
1778905349.552996575	dummy0	0	0	2380	34
1778905349.552996575	ifb0	0	0	0	0
1778905349.552996575	ifb1	0	0	0	0
1778905349.552996575	tunl0	0	0	0	0
1778905349.552996575	gre0	0	0	0	0
1778905349.552996575	gretap0	0	0	0	0
1778905349.552996575	erspan0	0	0	0	0
1778905349.552996575	ip_vti0	0	0	0	0
1778905349.552996575	ip6_vti0	0	0	0	0
1778905349.552996575	sit0	0	0	0	0
1778905349.552996575	ip6tnl0	0	0	0	0
1778905349.552996575	ip6gre0	0	0	0	0
1778905349.552996575	rmnet0	0	0	0	0
1778905349.552996575	rmnet1	0	0	0	0
1778905349.552996575	rmnet2	0	0	0	0
1778905349.552996575	rmnet3	0	0	0	0
1778905349.552996575	rmnet4	0	0	0	0
1778905349.552996575	rmnet5	0	0	0	0
1778905349.552996575	rmnet6	0	0	0	0
1778905349.552996575	rmnet7	0	0	0	0
1778905349.552996575	rmnet8	0	0	0	0
1778905349.552996575	rmnet9	0	0	0	0
1778905349.552996575	rmnet10	0	0	0	0
1778905349.552996575	rmnet11	0	0	0	0
1778905349.552996575	rmnet12	0	0	0	0
1778905349.552996575	rmnet13	0	0	0	0
1778905349.552996575	rmnet14	0	0	0	0
1778905349.552996575	rmnet15	0	0	0	0
1778905349.552996575	rmnet16	0	0	0	0
1778905349.552996575	rmnet17	0	0	0	0
1778905349.552996575	rmnet18	0	0	0	0
1778905349.552996575	rmnet19	0	0	0	0
1778905349.552996575	rmnet20	0	0	0	0
1778905349.552996575	rmnet21	0	0	0	0
1778905349.552996575	rmnet22	0	0	0	0
1778905349.552996575	rmnet23	0	0	0	0
1778905349.552996575	rmnet24	0	0	0	0
1778905349.552996575	rmnet25	0	0	0	0
1778905349.552996575	rmnet26	0	0	0	0
1778905349.552996575	rmnet27	0	0	0	0
1778905349.552996575	rmnet28	0	0	0	0
1778905349.552996575	rmnet29	0	0	0	0
1778905349.552996575	umts_dummy	0	0	0	0
1778905349.552996575	aware_nmi0	0	0	0	0
1778905349.552996575	wlan0	7121821202	6059978	1257988054	2891052
1778905349.552996575	wlan1	0	0	0	0
1778905349.552996575	radiotap0	0	0	0	0
1778905350.725651186	lo	2152017532	511990	2152017532	511990
1778905350.725651186	dummy0	0	0	2380	34
1778905350.725651186	ifb0	0	0	0	0
1778905350.725651186	ifb1	0	0	0	0
1778905350.725651186	tunl0	0	0	0	0
1778905350.725651186	gre0	0	0	0	0
1778905350.725651186	gretap0	0	0	0	0
1778905350.725651186	erspan0	0	0	0	0
1778905350.725651186	ip_vti0	0	0	0	0
1778905350.725651186	ip6_vti0	0	0	0	0
1778905350.725651186	sit0	0	0	0	0
1778905350.725651186	ip6tnl0	0	0	0	0
1778905350.725651186	ip6gre0	0	0	0	0
1778905350.725651186	rmnet0	0	0	0	0
1778905350.725651186	rmnet1	0	0	0	0
1778905350.725651186	rmnet2	0	0	0	0
1778905350.725651186	rmnet3	0	0	0	0
1778905350.725651186	rmnet4	0	0	0	0
1778905350.725651186	rmnet5	0	0	0	0
1778905350.725651186	rmnet6	0	0	0	0
1778905350.725651186	rmnet7	0	0	0	0
1778905350.725651186	rmnet8	0	0	0	0
1778905350.725651186	rmnet9	0	0	0	0
1778905350.725651186	rmnet10	0	0	0	0
1778905350.725651186	rmnet11	0	0	0	0
1778905350.725651186	rmnet12	0	0	0	0
1778905350.725651186	rmnet13	0	0	0	0
1778905350.725651186	rmnet14	0	0	0	0
1778905350.725651186	rmnet15	0	0	0	0
1778905350.725651186	rmnet16	0	0	0	0
1778905350.725651186	rmnet17	0	0	0	0
1778905350.725651186	rmnet18	0	0	0	0
1778905350.725651186	rmnet19	0	0	0	0
1778905350.725651186	rmnet20	0	0	0	0
1778905350.725651186	rmnet21	0	0	0	0
1778905350.725651186	rmnet22	0	0	0	0
1778905350.725651186	rmnet23	0	0	0	0
1778905350.725651186	rmnet24	0	0	0	0
1778905350.725651186	rmnet25	0	0	0	0
1778905350.725651186	rmnet26	0	0	0	0
1778905350.725651186	rmnet27	0	0	0	0
1778905350.725651186	rmnet28	0	0	0	0
1778905350.725651186	rmnet29	0	0	0	0
1778905350.725651186	umts_dummy	0	0	0	0
1778905350.725651186	aware_nmi0	0	0	0	0
1778905350.725651186	wlan0	7121822230	6059998	1258031132	2891085
1778905350.725651186	wlan1	0	0	0	0
1778905350.725651186	radiotap0	0	0	0	0
1778905351.931604129	lo	2152017532	511990	2152017532	511990
1778905351.931604129	dummy0	0	0	2380	34
1778905351.931604129	ifb0	0	0	0	0
1778905351.931604129	ifb1	0	0	0	0
1778905351.931604129	tunl0	0	0	0	0
1778905351.931604129	gre0	0	0	0	0
1778905351.931604129	gretap0	0	0	0	0
1778905351.931604129	erspan0	0	0	0	0
1778905351.931604129	ip_vti0	0	0	0	0
1778905351.931604129	ip6_vti0	0	0	0	0
1778905351.931604129	sit0	0	0	0	0
1778905351.931604129	ip6tnl0	0	0	0	0
1778905351.931604129	ip6gre0	0	0	0	0
1778905351.931604129	rmnet0	0	0	0	0
1778905351.931604129	rmnet1	0	0	0	0
1778905351.931604129	rmnet2	0	0	0	0
1778905351.931604129	rmnet3	0	0	0	0
1778905351.931604129	rmnet4	0	0	0	0
1778905351.931604129	rmnet5	0	0	0	0
1778905351.931604129	rmnet6	0	0	0	0
1778905351.931604129	rmnet7	0	0	0	0
1778905351.931604129	rmnet8	0	0	0	0
1778905351.931604129	rmnet9	0	0	0	0
1778905351.931604129	rmnet10	0	0	0	0
1778905351.931604129	rmnet11	0	0	0	0
1778905351.931604129	rmnet12	0	0	0	0
1778905351.931604129	rmnet13	0	0	0	0
1778905351.931604129	rmnet14	0	0	0	0
1778905351.931604129	rmnet15	0	0	0	0
1778905351.931604129	rmnet16	0	0	0	0
1778905351.931604129	rmnet17	0	0	0	0
1778905351.931604129	rmnet18	0	0	0	0
1778905351.931604129	rmnet19	0	0	0	0
1778905351.931604129	rmnet20	0	0	0	0
1778905351.931604129	rmnet21	0	0	0	0
1778905351.931604129	rmnet22	0	0	0	0
1778905351.931604129	rmnet23	0	0	0	0
1778905351.931604129	rmnet24	0	0	0	0
1778905351.931604129	rmnet25	0	0	0	0
1778905351.931604129	rmnet26	0	0	0	0
1778905351.931604129	rmnet27	0	0	0	0
1778905351.931604129	rmnet28	0	0	0	0
1778905351.931604129	rmnet29	0	0	0	0
1778905351.931604129	umts_dummy	0	0	0	0
1778905351.931604129	aware_nmi0	0	0	0	0
1778905351.931604129	wlan0	7121822302	6059999	1258031132	2891085
1778905351.931604129	wlan1	0	0	0	0
1778905351.931604129	radiotap0	0	0	0	0
1778905353.161199104	lo	2152017532	511990	2152017532	511990
1778905353.161199104	dummy0	0	0	2380	34
1778905353.161199104	ifb0	0	0	0	0
1778905353.161199104	ifb1	0	0	0	0
1778905353.161199104	tunl0	0	0	0	0
1778905353.161199104	gre0	0	0	0	0
1778905353.161199104	gretap0	0	0	0	0
1778905353.161199104	erspan0	0	0	0	0
1778905353.161199104	ip_vti0	0	0	0	0
1778905353.161199104	ip6_vti0	0	0	0	0
1778905353.161199104	sit0	0	0	0	0
1778905353.161199104	ip6tnl0	0	0	0	0
1778905353.161199104	ip6gre0	0	0	0	0
1778905353.161199104	rmnet0	0	0	0	0
1778905353.161199104	rmnet1	0	0	0	0
1778905353.161199104	rmnet2	0	0	0	0
1778905353.161199104	rmnet3	0	0	0	0
1778905353.161199104	rmnet4	0	0	0	0
1778905353.161199104	rmnet5	0	0	0	0
1778905353.161199104	rmnet6	0	0	0	0
1778905353.161199104	rmnet7	0	0	0	0
1778905353.161199104	rmnet8	0	0	0	0
1778905353.161199104	rmnet9	0	0	0	0
1778905353.161199104	rmnet10	0	0	0	0
1778905353.161199104	rmnet11	0	0	0	0
1778905353.161199104	rmnet12	0	0	0	0
1778905353.161199104	rmnet13	0	0	0	0
1778905353.161199104	rmnet14	0	0	0	0
1778905353.161199104	rmnet15	0	0	0	0
1778905353.161199104	rmnet16	0	0	0	0
1778905353.161199104	rmnet17	0	0	0	0
1778905353.161199104	rmnet18	0	0	0	0
1778905353.161199104	rmnet19	0	0	0	0
1778905353.161199104	rmnet20	0	0	0	0
1778905353.161199104	rmnet21	0	0	0	0
1778905353.161199104	rmnet22	0	0	0	0
1778905353.161199104	rmnet23	0	0	0	0
1778905353.161199104	rmnet24	0	0	0	0
1778905353.161199104	rmnet25	0	0	0	0
1778905353.161199104	rmnet26	0	0	0	0
1778905353.161199104	rmnet27	0	0	0	0
1778905353.161199104	rmnet28	0	0	0	0
1778905353.161199104	rmnet29	0	0	0	0
1778905353.161199104	umts_dummy	0	0	0	0
1778905353.161199104	aware_nmi0	0	0	0	0
1778905353.161199104	wlan0	7121822302	6059999	1258031132	2891085
1778905353.161199104	wlan1	0	0	0	0
1778905353.161199104	radiotap0	0	0	0	0
