1778905326.876209475	cpu  1575736 389809 2230664 65941229 18305 622707 185667 0 534 0
1778905326.876209475	cpu0 278421 84435 526097 7569392 3655 309824 42932 0 109 0
1778905326.876209475	cpu1 310099 84268 495347 7728376 3748 144368 30287 0 94 0
1778905326.876209475	cpu2 222941 54435 305365 8218937 3085 39358 28893 0 102 0
1778905326.876209475	cpu3 224563 52695 310943 8220203 2963 39158 24254 0 124 0
1778905326.876209475	cpu4 235557 53829 322477 8201924 3101 41536 13440 0 30 0
1778905326.876209475	cpu5 115953 25099 109164 8640851 633 10887 3586 0 20 0
1778905326.876209475	cpu6 118613 22149 112781 8578483 607 33821 41371 0 21 0
1778905326.876209475	cpu7 69586 12898 48486 8783059 509 3752 901 0 31 0
1778905328.066348616	cpu  1575918 389818 2231052 65941538 18305 622721 185672 0 534 0
1778905328.066348616	cpu0 278439 84441 526167 7569407 3655 309828 42932 0 109 0
1778905328.066348616	cpu1 310125 84268 495417 7728388 3748 144370 30288 0 94 0
1778905328.066348616	cpu2 222956 54437 305409 8218988 3085 39360 28894 0 102 0
1778905328.066348616	cpu3 224590 52695 310987 8220242 2963 39159 24255 0 124 0
1778905328.066348616	cpu4 235576 53829 322511 8201982 3101 41538 13441 0 30 0
1778905328.066348616	cpu5 115980 25099 109211 8640889 633 10888 3586 0 20 0
1778905328.066348616	cpu6 118637 22149 112822 8578531 607 33822 41372 0 21 0
1778905328.066348616	cpu7 69611 12898 48525 8783106 509 3753 901 0 31 0
1778905329.230119581	cpu  1576022 389818 2231289 65942115 18305 622733 185679 0 534 0
1778905329.230119581	cpu0 278465 84441 526226 7569435 3655 309832 42933 0 109 0
1778905329.230119581	cpu1 310144 84268 495479 7728419 3748 144372 30289 0 94 0
1778905329.230119581	cpu2 222965 54437 305423 8219080 3085 39361 28896 0 102 0
1778905329.230119581	cpu3 224608 52695 311018 8220308 2963 39161 24255 0 124 0
1778905329.230119581	cpu4 235585 53829 322528 8202071 3101 41539 13441 0 30 0
1778905329.230119581	cpu5 115983 25099 109220 8640994 633 10888 3587 0 20 0
1778905329.230119581	cpu6 118645 22149 112846 8578614 607 33823 41373 0 21 0
1778905329.230119581	cpu7 69623 12898 48546 8783192 509 3753 901 0 31 0
1778905330.422286248	cpu  1576141 389824 2231529 65942686 18305 622743 185685 0 534 0
1778905330.422286248	cpu0 278490 84443 526285 7569464 3655 309835 42935 0 109 0
1778905330.422286248	cpu1 310167 84269 495540 7728449 3748 144375 30291 0 94 0
1778905330.422286248	cpu2 222976 54438 305438 8219168 3085 39362 28898 0 102 0
1778905330.422286248	cpu3 224627 52695 311056 8220367 2963 39162 24256 0 124 0
1778905330.422286248	cpu4 235597 53831 322543 8202157 3101 41540 13441 0 30 0
1778905330.422286248	cpu5 115992 25099 109224 8641101 633 10889 3587 0 20 0
1778905330.422286248	cpu6 118652 22149 112864 8578708 607 33824 41374 0 21 0
1778905330.422286248	cpu7 69636 12898 48575 8783269 509 3753 901 0 31 0
1778905331.634947056	cpu  1576250 389824 2231751 65943293 18305 622755 185689 0 534 0
1778905331.634947056	cpu0 278518 84443 526345 7569490 3655 309839 42936 0 109 0
1778905331.634947056	cpu1 310195 84269 495607 7728470 3748 144378 30292 0 94 0
1778905331.634947056	cpu2 222983 54438 305450 8219265 3085 39364 28899 0 102 0
1778905331.634947056	cpu3 224634 52695 311084 8220450 2963 39163 24256 0 124 0
1778905331.634947056	cpu4 235601 53831 322551 8202263 3101 41540 13441 0 30 0
1778905331.634947056	cpu5 116002 25099 109235 8641199 633 10889 3587 0 20 0
1778905331.634947056	cpu6 118661 22149 112879 8578804 607 33825 41374 0 21 0
1778905331.634947056	cpu7 69652 12898 48598 8783349 509 3754 901 0 31 0
1778905332.820371615	cpu  1576375 389830 2232019 65943831 18305 622768 185694 0 534 0
1778905332.820371615	cpu0 278534 84449 526405 7569521 3655 309843 42937 0 109 0
1778905332.820371615	cpu1 310223 84269 495676 7728489 3748 144381 30293 0 94 0
1778905332.820371615	cpu2 222995 54438 305469 8219350 3085 39366 28900 0 102 0
1778905332.820371615	cpu3 224657 52695 311117 8220513 2963 39165 24257 0 124 0
1778905332.820371615	cpu4 235606 53831 322562 8202363 3101 41541 13442 0 30 0
1778905332.820371615	cpu5 116006 25099 109245 8641304 633 10889 3587 0 20 0
1778905332.820371615	cpu6 118677 22149 112911 8578875 607 33826 41374 0 21 0
1778905332.820371615	cpu7 69674 12898 48631 8783412 509 3755 901 0 31 0
1778905334.002517892	cpu  1576469 389831 2232240 65944459 18305 622778 185699 0 534 0
1778905334.002517892	cpu0 278556 84449 526469 7569550 3655 309845 42938 0 109 0
1778905334.002517892	cpu1 310247 84270 495737 7728521 3748 144383 30294 0 94 0
1778905334.002517892	cpu2 222998 54438 305479 8219452 3085 39367 28901 0 102 0
1778905334.002517892	cpu3 224675 52695 311146 8220584 2963 39166 24257 0 124 0
1778905334.002517892	cpu4 235609 53831 322569 8202471 3101 41542 13442 0 30 0
1778905334.002517892	cpu5 116008 25099 109251 8641416 633 10890 3587 0 20 0
1778905334.002517892	cpu6 118684 22149 112925 8578972 607 33827 41376 0 21 0
1778905334.002517892	cpu7 69687 12898 48659 8783491 509 3755 902 0 31 0
1778905335.248776018	cpu  1576591 389838 2232537 65944990 18305 622793 185704 0 534 0
1778905335.248776018	cpu0 278576 84454 526532 7569577 3655 309850 42939 0 109 0
1778905335.248776018	cpu1 310272 84270 495802 7728549 3748 144386 30295 0 94 0
1778905335.248776018	cpu2 223011 54439 305505 8219530 3085 39368 28902 0 102 0
1778905335.248776018	cpu3 224688 52696 311192 8220643 2963 39168 24258 0 124 0
1778905335.248776018	cpu4 235618 53831 322580 8202569 3101 41543 13442 0 30 0
1778905335.248776018	cpu5 116015 25099 109270 8641514 633 10890 3587 0 20 0
1778905335.248776018	cpu6 118702 22149 112963 8579040 607 33828 41376 0 21 0
1778905335.248776018	cpu7 69704 12898 48690 8783565 509 3756 902 0 31 0
1778905336.464412581	cpu  1576696 389861 2232766 65945565 18305 622807 185709 0 534 0
1778905336.464412581	cpu0 278594 84455 526592 7569613 3655 309854 42940 0 109 0
1778905336.464412581	cpu1 310301 84274 495856 7728573 3748 144391 30296 0 94 0
1778905336.464412581	cpu2 223014 54439 305518 8219632 3085 39369 28902 0 102 0
1778905336.464412581	cpu3 224706 52696 311229 8220705 2963 39169 24258 0 124 0
1778905336.464412581	cpu4 235628 53831 322585 8202672 3101 41544 13442 0 30 0
1778905336.464412581	cpu5 116018 25099 109279 8641621 633 10891 3587 0 20 0
1778905336.464412581	cpu6 118718 22166 112987 8579100 607 33829 41376 0 21 0
1778905336.464412581	cpu7 69714 12898 48717 8783647 509 3756 902 0 31 0
1778905337.630308493	cpu  1576827 389868 2233022 65946095 18305 622820 185715 0 534 0
1778905337.630308493	cpu0 278617 84455 526655 7569640 3655 309858 42942 0 109 0
1778905337.630308493	cpu1 310327 84277 495910 7728602 3748 144394 30297 0 94 0
1778905337.630308493	cpu2 223032 54441 305539 8219704 3085 39371 28904 0 102 0
1778905337.630308493	cpu3 224720 52698 311261 8220775 2963 39171 24259 0 124 0
1778905337.630308493	cpu4 235634 53831 322599 8202767 3101 41546 13443 0 30 0
1778905337.630308493	cpu5 116025 25099 109295 8641716 633 10891 3588 0 20 0
1778905337.630308493	cpu6 118728 22166 113008 8579185 607 33830 41378 0 21 0
1778905337.630308493	cpu7 69740 12898 48751 8783703 509 3757 902 0 31 0
1778905338.844975473	cpu  1576931 389869 2233261 65946682 18305 622833 185719 0 534 0
1778905338.844975473	cpu0 278641 84455 526714 7569670 3655 309862 42943 0 109 0
1778905338.844975473	cpu1 310346 84278 495964 7728641 3748 144398 30298 0 94 0
1778905338.844975473	cpu2 223036 54441 305556 8219800 3085 39372 28905 0 102 0
1778905338.844975473	cpu3 224735 52698 311297 8220840 2963 39172 24259 0 124 0
1778905338.844975473	cpu4 235643 53831 322610 8202864 3101 41547 13443 0 30 0
1778905338.844975473	cpu5 116028 25099 109305 8641821 633 10891 3588 0 20 0
1778905338.844975473	cpu6 118737 22166 113028 8579273 607 33830 41378 0 21 0
1778905338.844975473	cpu7 69759 12898 48783 8783770 509 3758 902 0 31 0
1778905340.013216620	cpu  1577055 389875 2233510 65947224 18305 622844 185724 0 534 0
1778905340.013216620	cpu0 278674 84456 526775 7569687 3655 309865 42944 0 109 0
1778905340.013216620	cpu1 310364 84283 496024 7728673 3748 144400 30299 0 94 0
1778905340.013216620	cpu2 223046 54441 305574 8219888 3085 39374 28905 0 102 0
1778905340.013216620	cpu3 224753 52698 311334 8220900 2963 39173 24260 0 124 0
1778905340.013216620	cpu4 235654 53831 322622 8202956 3101 41548 13443 0 30 0
1778905340.013216620	cpu5 116036 25099 109319 8641916 633 10892 3588 0 20 0
1778905340.013216620	cpu6 118747 22166 113051 8579357 607 33831 41379 0 21 0
1778905340.013216620	cpu7 69776 12898 48808 8783843 509 3758 902 0 31 0
1778905341.256975605	cpu  1577156 389877 2233729 65947892 18305 622853 185729 0 534 0
1778905341.256975605	cpu0 278701 84456 526845 7569711 3655 309868 42945 0 109 0
1778905341.256975605	cpu1 310388 84283 496073 7728722 3748 144402 30301 0 94 0
1778905341.256975605	cpu2 223053 54443 305585 8219992 3085 39374 28906 0 102 0
1778905341.256975605	cpu3 224764 52698 311366 8220983 2963 39174 24260 0 124 0
1778905341.256975605	cpu4 235656 53831 322631 8203067 3101 41548 13444 0 30 0
1778905341.256975605	cpu5 116044 25099 109329 8642025 633 10892 3588 0 20 0
1778905341.256975605	cpu6 118758 22166 113065 8579456 607 33832 41379 0 21 0
1778905341.256975605	cpu7 69789 12898 48832 8783932 509 3758 902 0 31 0
1778905342.494960867	cpu  1577281 389881 2234018 65948425 18305 622864 185734 0 534 0
1778905342.494960867	cpu0 278722 84457 526918 7569733 3655 309871 42946 0 109 0
1778905342.494960867	cpu1 310411 84283 496142 7728747 3748 144404 30302 0 94 0
1778905342.494960867	cpu2 223075 54443 305606 8220067 3085 39376 28907 0 102 0
1778905342.494960867	cpu3 224780 52700 311402 8221045 2963 39176 24261 0 124 0
1778905342.494960867	cpu4 235667 53831 322643 8203163 3101 41549 13444 0 30 0
1778905342.494960867	cpu5 116048 25099 109341 8642130 633 10892 3588 0 20 0
1778905342.494960867	cpu6 118770 22166 113093 8579536 607 33833 41380 0 21 0
1778905342.494960867	cpu7 69803 12898 48869 8784001 509 3759 902 0 31 0
1778905343.672237300	cpu  1577388 389881 2234223 65949033 18305 622873 185738 0 534 0
1778905343.672237300	cpu0 278747 84457 526976 7569764 3655 309874 42947 0 109 0
1778905343.672237300	cpu1 310433 84283 496199 7728781 3748 144407 30303 0 94 0
1778905343.672237300	cpu2 223078 54443 305615 8220170 3085 39376 28908 0 102 0
1778905343.672237300	cpu3 224806 52700 311432 8221105 2963 39177 24261 0 124 0
1778905343.672237300	cpu4 235670 53831 322650 8203268 3101 41550 13444 0 30 0
1778905343.672237300	cpu5 116052 25099 109348 8642236 633 10893 3588 0 20 0
1778905343.672237300	cpu6 118777 22166 113109 8579629 607 33834 41381 0 21 0
1778905343.672237300	cpu7 69821 12898 48892 8784076 509 3760 903 0 31 0
1778905344.870541702	cpu  1577508 389886 2234482 65949597 18305 622886 185743 0 534 0
1778905344.870541702	cpu0 278773 84457 527033 7569797 3655 309878 42949 0 109 0
1778905344.870541702	cpu1 310450 84284 496270 7728807 3748 144409 30304 0 94 0
1778905344.870541702	cpu2 223087 54444 305625 8220269 3085 39378 28909 0 102 0
1778905344.870541702	cpu3 224823 52703 311469 8221165 2963 39179 24262 0 124 0
1778905344.870541702	cpu4 235681 53833 322667 8203358 3101 41550 13444 0 30 0
1778905344.870541702	cpu5 116055 25099 109354 8642350 633 10893 3588 0 20 0
1778905344.870541702	cpu6 118795 22166 113136 8579704 607 33835 41381 0 21 0
1778905344.870541702	cpu7 69841 12898 48924 8784145 509 3760 903 0 31 0
1778905346.073042640	cpu  1577608 389886 2234714 65950198 18305 622895 185750 0 534 0
1778905346.073042640	cpu0 278795 84457 527098 7569824 3655 309881 42950 0 109 0
1778905346.073042640	cpu1 310472 84284 496330 7728840 3748 144412 30305 0 94 0
1778905346.073042640	cpu2 223090 54444 305642 8220366 3085 39379 28910 0 102 0
1778905346.073042640	cpu3 224841 52703 311490 8221242 2963 39180 24263 0 124 0
1778905346.073042640	cpu4 235684 53833 322677 8203460 3101 41551 13445 0 30 0
1778905346.073042640	cpu5 116060 25099 109364 8642452 633 10893 3588 0 20 0
1778905346.073042640	cpu6 118802 22166 113152 8579798 607 33836 41383 0 21 0
1778905346.073042640	cpu7 69861 12898 48958 8784212 509 3761 903 0 31 0
1778905347.255380532	cpu  1577739 389906 2234966 65950716 18305 622905 185754 0 534 0
1778905347.255380532	cpu0 278820 84457 527154 7569856 3655 309883 42951 0 109 0
1778905347.255380532	cpu1 310496 84286 496387 7728871 3748 144414 30306 0 94 0
1778905347.255380532	cpu2 223096 54445 305658 8220458 3085 39380 28911 0 102 0
1778905347.255380532	cpu3 224860 52717 311526 8221287 2963 39181 24263 0 124 0
1778905347.255380532	cpu4 235692 53833 322686 8203557 3101 41552 13445 0 30 0
1778905347.255380532	cpu5 116064 25102 109376 8642551 633 10894 3588 0 20 0
1778905347.255380532	cpu6 118817 22166 113186 8579866 607 33836 41383 0 21 0
1778905347.255380532	cpu7 69891 12898 48989 8784267 509 3762 903 0 31 0
1778905348.491950715	cpu  1577840 389912 2235185 65951372 18305 622916 185758 0 534 0
1778905348.491950715	cpu0 278840 84457 527207 7569903 3655 309886 42952 0 109 0
1778905348.491950715	cpu1 310524 84287 496454 7728895 3748 144417 30307 0 94 0
1778905348.491950715	cpu2 223103 54445 305670 8220563 3085 39381 28911 0 102 0
1778905348.491950715	cpu3 224875 52717 311551 8221371 2963 39183 24263 0 124 0
1778905348.491950715	cpu4 235694 53833 322694 8203668 3101 41553 13445 0 30 0
1778905348.491950715	cpu5 116068 25107 109391 8642652 633 10894 3589 0 20 0
1778905348.491950715	cpu6 118830 22166 113206 8579957 607 33837 41383 0 21 0
1778905348.491950715	cpu7 69902 12898 49009 8784360 509 3762 903 0 31 0
1778905349.713946680	cpu  1577966 389916 2235479 65951898 18305 622928 185764 0 534 0
1778905349.713946680	cpu0 278866 84457 527272 7569928 3655 309889 42953 0 109 0
1778905349.713946680	cpu1 310550 84287 496520 7728921 3748 144419 30308 0 94 0
1778905349.713946680	cpu2 223113 54445 305692 8220648 3085 39382 28912 0 102 0
1778905349.713946680	cpu3 224891 52720 311602 8221420 2963 39184 24265 0 124 0
1778905349.713946680	cpu4 235698 53833 322710 8203766 3101 41554 13445 0 30 0
1778905349.713946680	cpu5 116072 25107 109401 8642758 633 10894 3589 0 20 0
1778905349.713946680	cpu6 118849 22166 113230 8580034 607 33838 41385 0 21 0
1778905349.713946680	cpu7 69924 12898 49048 8784420 509 3763 903 0 31 0
1778905350.923098738	cpu  1578066 389916 2235693 65952532 18305 622941 185768 0 534 0
1778905350.923098738	cpu0 278894 84457 527323 7569961 3655 309895 42955 0 109 0
1778905350.923098738	cpu1 310574 84287 496580 7728955 3748 144423 30310 0 94 0
1778905350.923098738	cpu2 223118 54445 305703 8220751 3085 39383 28913 0 102 0
1778905350.923098738	cpu3 224908 52720 311633 8221491 2963 39185 24265 0 124 0
1778905350.923098738	cpu4 235701 53833 322722 8203869 3101 41555 13445 0 30 0
1778905350.923098738	cpu5 116075 25107 109412 8642865 633 10895 3589 0 20 0
1778905350.923098738	cpu6 118853 22166 113236 8580143 607 33839 41385 0 21 0
1778905350.923098738	cpu7 69940 12898 49079 8784493 509 3763 903 0 31 0
1778905352.113606317	cpu  1578199 389919 2235944 65953074 18306 622954 185772 0 534 0
1778905352.113606317	cpu0 278927 84457 527381 7569985 3655 309898 42956 0 109 0
1778905352.113606317	cpu1 310595 84287 496639 7728991 3748 144426 30311 0 94 0
1778905352.113606317	cpu2 223125 54445 305716 8220847 3085 39385 28914 0 102 0
1778905352.113606317	cpu3 224930 52720 311675 8221541 2963 39188 24265 0 124 0
1778905352.113606317	cpu4 235704 53835 322733 8203968 3101 41555 13446 0 30 0
1778905352.113606317	cpu5 116081 25107 109421 8642968 633 10895 3589 0 20 0
1778905352.113606317	cpu6 118876 22166 113262 8580211 607 33840 41385 0 21 0
1778905352.113606317	cpu7 69957 12898 49114 8784560 509 3764 904 0 31 0
1778905353.291096760	cpu  1578305 389921 2236175 65953644 18306 622968 185777 0 534 0
1778905353.291096760	cpu0 278950 84457 527450 7570003 3655 309903 42957 0 109 0
1778905353.291096760	cpu1 310618 84289 496690 7729026 3748 144429 30312 0 94 0
1778905353.291096760	cpu2 223129 54445 305728 8220944 3085 39386 28914 0 102 0
1778905353.291096760	cpu3 224944 52721 311709 8221608 2963 39189 24266 0 124 0
1778905353.291096760	cpu4 235710 53835 322741 8204068 3101 41556 13446 0 30 0
1778905353.291096760	cpu5 116085 25107 109428 8643073 633 10895 3589 0 20 0
1778905353.291096760	cpu6 118892 22166 113287 8580286 607 33841 41386 0 21 0
1778905353.291096760	cpu7 69974 12898 49138 8784633 509 3764 904 0 31 0
